Title,Rating,Video Link,Muscle Group,Equipment
3/4 Sit-Up,8.8,https://www.bodybuilding.com/exercises/detail/view/name/34-sit-up,Abdominals,Body Only
Ab Roller,8.9,https://www.bodybuilding.com/exercises/detail/view/name/ab-roller,Abdominals,Other
Advanced Kettlebell Windmill,8.3,https://www.bodybuilding.com/exercises/detail/view/name/advanced-kettlebell-windmill,Abdominals,Kettlebells
Air Bike,8.8,https://www.bodybuilding.com/exercises/detail/view/name/air-bike,Abdominals,Body Only
Alien Squat,8.2,https://www.bodybuilding.com/exercises/detail/view/name/alien-squat,Quadriceps,Body Only
Alternate Hammer Curl,8.6,https://www.bodybuilding.com/exercises/detail/view/name/alternate-hammer-curl,Biceps,Dumbbell
Alternate Incline Dumbbell Curl,8.7,https://www.bodybuilding.com/exercises/detail/view/name/alternate-incline-dumbbell-curl,Biceps,Dumbbell
Alternating Deltoid Raise,9,https://www.bodybuilding.com/exercises/detail/view/name/alternating-deltoid-raise,Shoulders,Dumbbell
Alternating Kettlebell Press,8.6,https://www.bodybuilding.com/exercises/detail/view/name/alternating-kettlebell-press,Shoulders,Kettlebells
Alternating Renegade Row,8.5,https://www.bodybuilding.com/exercises/detail/view/name/alternating-renegade-row,Middle Back,Kettlebells
Anti-Gravity Press,8.2,https://www.bodybuilding.com/exercises/detail/view/name/anti-gravity-press,Shoulders,Barbell
Arnold Dumbbell Press,8.9,https://www.bodybuilding.com/exercises/detail/view/name/arnold-dumbbell-press,Shoulders,Dumbbell
Atlas Stones,9.5,https://www.bodybuilding.com/exercises/detail/view/name/atlas-stones,Lower Back,Other
Axle Deadlift,9.1,https://www.bodybuilding.com/exercises/detail/view/name/axle-deadlift,Lower Back,Other
Back Flyes - With Bands,8.1,https://www.bodybuilding.com/exercises/detail/view/name/back-flyes-with-bands,Shoulders,Bands
Ball Leg Curl,8.8,https://www.bodybuilding.com/exercises/detail/view/name/ball-leg-curl,Hamstrings,Exercise Ball
Band Good Morning (Pull Through),8.3,https://www.bodybuilding.com/exercises/detail/view/name/band-good-morning-pull-through,Hamstrings,Bands
Band Hip Adductions,8.6,https://www.bodybuilding.com/exercises/detail/view/name/band-hip-adductions,Adductors,Bands
Band Pull Apart,8.2,https://www.bodybuilding.com/exercises/detail/view/name/band-pull-apart,Shoulders,Bands
Band Skull Crusher,8.4,https://www.bodybuilding.com/exercises/detail/view/name/band-skull-crusher,Triceps,Bands
Barbell Ab Rollout,8.9,https://www.bodybuilding.com/exercises/detail/view/name/barbell-ab-rollout,Abdominals,Barbell
Barbell Ab Rollout - On Knees,8.9,https://www.bodybuilding.com/exercises/detail/view/name/barbell-ab-rollout-on-knees,Abdominals,Barbell
Barbell Bench Press - Medium Grip,9,https://www.bodybuilding.com/exercises/detail/view/name/barbell-bench-press-medium-grip,Chest,Barbell
Barbell Curl,9,https://www.bodybuilding.com/exercises/detail/view/name/barbell-curl,Biceps,Barbell
Barbell Curls Lying Against An Incline,8.8,https://www.bodybuilding.com/exercises/detail/view/name/barbell-curls-lying-against-an-incline,Biceps,Barbell
Barbell Deadlift,9.4,https://www.bodybuilding.com/exercises/detail/view/name/barbell-deadlift,Hamstrings,Barbell
Barbell Full Squat,9.4,https://www.bodybuilding.com/exercises/detail/view/name/barbell-full-squat,Quadriceps,Barbell
Barbell Glute Bridge,9.4,https://www.bodybuilding.com/exercises/detail/view/name/barbell-glute-bridge,Glutes,Barbell
Barbell Hack Squat,8.5,https://www.bodybuilding.com/exercises/detail/view/name/barbell-hack-squat,Quadriceps,Barbell
Barbell Hip Thrust,9.1,https://www.bodybuilding.com/exercises/detail/view/name/barbell-hip-thrust,Glutes,Barbell
Barbell Incline Bench Press Medium-Grip,8.8,https://www.bodybuilding.com/exercises/detail/view/name/barbell-incline-bench-press-medium-grip,Chest,Barbell
Barbell Lunge,8.8,https://www.bodybuilding.com/exercises/detail/view/name/barbell-lunge,Quadriceps,Barbell
Barbell Rear Delt Row,8.5,https://www.bodybuilding.com/exercises/detail/view/name/barbell-rear-delt-row,Shoulders,Barbell
Barbell Rollout from Bench,8.3,https://www.bodybuilding.com/exercises/detail/view/name/barbell-rollout-from-bench,Abdominals,Barbell
Barbell Shoulder Press,8.7,https://www.bodybuilding.com/exercises/detail/view/name/barbell-shoulder-press,Shoulders,Barbell
Barbell Shrug,8.4,https://www.bodybuilding.com/exercises/detail/view/name/barbell-shrug,Traps,Barbell
Barbell Shrug Behind The Back,8.3,https://www.bodybuilding.com/exercises/detail/view/name/barbell-shrug-behind-the-back,Traps,Barbell
Barbell Squat,8.9,https://www.bodybuilding.com/exercises/detail/view/name/barbell-squat,Quadriceps,Barbell
Barbell Step Ups,8.7,https://www.bodybuilding.com/exercises/detail/view/name/barbell-step-ups,Quadriceps,Barbell
Barbell Thruster,8.3,https://www.bodybuilding.com/exercises/detail/view/name/barbell-thruster,Quadriceps,Barbell
Barbell Walking Lunge,9.2,https://www.bodybuilding.com/exercises/detail/view/name/barbell-walking-lunge,Quadriceps,Barbell
Battling Ropes,8.6,https://www.bodybuilding.com/exercises/detail/view/name/battling-ropes,Shoulders,Other
Bear Crawl Sled Drags,9,https://www.bodybuilding.com/exercises/detail/view/name/bear-crawl-sled-drags-,Quadriceps,Other
Bench Dips,8.7,https://www.bodybuilding.com/exercises/detail/view/name/bench-dips,Triceps,Body Only
Bench Press - Powerlifting,8.7,https://www.bodybuilding.com/exercises/detail/view/name/bench-press-powerlifting,Triceps,Barbell
Bench Press with Chains,8.3,https://www.bodybuilding.com/exercises/detail/view/name/bench-press-with-chains,Triceps,Barbell
Bent Over Barbell Row,8.7,https://www.bodybuilding.com/exercises/detail/view/name/bent-over-barbell-row,Middle Back,Barbell
Bent Over Dumbbell Rear Delt Raise With Head On Bench,8.2,https://www.bodybuilding.com/exercises/detail/view/name/bent-over-dumbbell-rear-delt-raise-with-head-on-bench,Shoulders,Dumbbell
Bent Over Low-Pulley Side Lateral,8.5,https://www.bodybuilding.com/exercises/detail/view/name/bent-over-low-pulley-side-lateral,Shoulders,Cable
Bent Over One-Arm Long Bar Row,8.9,https://www.bodybuilding.com/exercises/detail/view/name/bent-over-one-arm-long-bar-row,Middle Back,Barbell
Bent Over Two-Arm Long Bar Row,8.9,https://www.bodybuilding.com/exercises/detail/view/name/bent-over-two-arm-long-bar-row,Middle Back,Barbell
Bent Over Two-Dumbbell Row,8.3,https://www.bodybuilding.com/exercises/detail/view/name/bent-over-two-dumbbell-row,Middle Back,Dumbbell
Bent Over Two-Dumbbell Row With Palms In,8.8,https://www.bodybuilding.com/exercises/detail/view/name/bent-over-two-dumbbell-row-with-palms-in,Middle Back,Dumbbell
Bent-Arm Dumbbell Pullover,8.2,https://www.bodybuilding.com/exercises/detail/view/name/bent-arm-dumbbell-pullover,Chest,Dumbbell
Bent-Knee Hip Raise,8.1,https://www.bodybuilding.com/exercises/detail/view/name/bent-knee-hip-raise,Abdominals,Body Only
Biceps Curl To Shoulder Press,9.1,https://www.bodybuilding.com/exercises/detail/view/name/biceps-curl-to-shoulder-press,Biceps,Dumbbell
Bicycling,8.9,https://www.bodybuilding.com/exercises/detail/view/name/bicycling,Quadriceps,Other
Body Tricep Press,8.2,https://www.bodybuilding.com/exercises/detail/view/name/body-tricep-press,Triceps,Body Only
Bodyweight Flyes,9,https://www.bodybuilding.com/exercises/detail/view/name/bodyweight-flyes,Chest,E-Z Curl Bar
Bodyweight Lunge,9,https://www.bodybuilding.com/exercises/detail/view/name/bodyweight-lunge,Quadriceps,Body Only
Bodyweight Mid Row,8.8,https://www.bodybuilding.com/exercises/detail/view/name/bodyweight-mid-row,Middle Back,Other
Bodyweight Reverse Lunge,8.3,https://www.bodybuilding.com/exercises/detail/view/name/bodyweight-reverse-lunge,Quadriceps,Body Only
Bodyweight Squat,8.8,https://www.bodybuilding.com/exercises/detail/view/name/bodyweight-squat,Quadriceps,Body Only
Bosu Ball Cable Crunch With Side Bends,8.5,https://www.bodybuilding.com/exercises/detail/view/name/bosu-ball-cable-crunch-with-side-bends,Abdominals,Cable
Bottoms Up,9.3,https://www.bodybuilding.com/exercises/detail/view/name/bottoms-up,Abdominals,Body Only
Bottoms-Up Clean From The Hang Position,8.3,https://www.bodybuilding.com/exercises/detail/view/name/bottoms-up-clean-from-the-hang-position,Forearms,Kettlebells
Box Jump (Multiple Response),8.1,https://www.bodybuilding.com/exercises/detail/view/name/box-jump-multiple-response,Hamstrings,Other
Box Squat,9.3,https://www.bodybuilding.com/exercises/detail/view/name/box-squat,Quadriceps,Barbell
Box Squat with Bands,9,https://www.bodybuilding.com/exercises/detail/view/name/box-squat-with-bands,Quadriceps,Barbell
Bradford/Rocky Presses,8.2,https://www.bodybuilding.com/exercises/detail/view/name/bradfordrocky-presses,Shoulders,Barbell
Burpee,8.8,https://www.bodybuilding.com/exercises/detail/view/name/burpee,Quadriceps,Body Only
Butt Kicks,8.2,https://www.bodybuilding.com/exercises/detail/view/name/butt-kicks,Quadriceps,Body Only
Butt Lift (Bridge),8.8,https://www.bodybuilding.com/exercises/detail/view/name/butt-lift-bridge,Glutes,Body Only
Butt-Ups,8.3,https://www.bodybuilding.com/exercises/detail/view/name/butt-ups,Abdominals,Body Only
Butterfly,8.5,https://www.bodybuilding.com/exercises/detail/view/name/butterfly,Chest,Machine
Cable Chest Press,8.7,https://www.bodybuilding.com/exercises/detail/view/name/cable-chest-press,Chest,Cable
Cable Crossover,8.8,https://www.bodybuilding.com/exercises/detail/view/name/cable-crossover,Chest,Cable
Cable Crunch,8.9,https://www.bodybuilding.com/exercises/detail/view/name/cable-crunch,Abdominals,Cable
Cable Hammer Curls - Rope Attachment,8.2,https://www.bodybuilding.com/exercises/detail/view/name/cable-hammer-curls-rope-attachment,Biceps,Cable
Cable Hip Adduction,8.2,https://www.bodybuilding.com/exercises/detail/view/name/cable-hip-adduction,Quadriceps,Cable
Cable Internal Rotation,8.6,https://www.bodybuilding.com/exercises/detail/view/name/cable-internal-rotation,Shoulders,Cable
Cable Iron Cross,8.4,https://www.bodybuilding.com/exercises/detail/view/name/cable-iron-cross,Chest,Cable
Cable Lying Triceps Extension,8.6,https://www.bodybuilding.com/exercises/detail/view/name/cable-lying-triceps-extension,Triceps,Cable
Cable One Arm Tricep Extension,8.9,https://www.bodybuilding.com/exercises/detail/view/name/cable-one-arm-tricep-extension,Triceps,Cable
Cable Rear Delt Fly,8.2,https://www.bodybuilding.com/exercises/detail/view/name/cable-rear-delt-fly,Shoulders,Cable
Cable Reverse Crunch,8.2,https://www.bodybuilding.com/exercises/detail/view/name/cable-reverse-crunch,Abdominals,Cable
Cable Rope Overhead Triceps Extension,8.1,https://www.bodybuilding.com/exercises/detail/view/name/cable-rope-overhead-triceps-extension,Triceps,Cable
Cable Rope Rear-Delt Rows,8.4,https://www.bodybuilding.com/exercises/detail/view/name/cable-rope-rear-delt-rows,Shoulders,Cable
Cable Russian Twists,8.1,https://www.bodybuilding.com/exercises/detail/view/name/cable-russian-twists,Abdominals,Cable
Cable Shoulder Press,8.1,https://www.bodybuilding.com/exercises/detail/view/name/cable-shoulder-press,Shoulders,Cable
Calf Press,8.5,https://www.bodybuilding.com/exercises/detail/view/name/calf-press,Calves,Machine
Calf Press On The Leg Press Machine,8.7,https://www.bodybuilding.com/exercises/detail/view/name/calf-press-on-the-leg-press-machine,Calves,Machine
Calf-Machine Shoulder Shrug,8.7,https://www.bodybuilding.com/exercises/detail/view/name/calf-machine-shoulder-shrug,Traps,Machine
Car Drivers,9,https://www.bodybuilding.com/exercises/detail/view/name/car-drivers,Shoulders,Barbell
Chain Handle Extension,8.3,https://www.bodybuilding.com/exercises/detail/view/name/chain-handle-extension,Triceps,Other
Chair Squat,8.8,https://www.bodybuilding.com/exercises/detail/view/name/chair-squat,Quadriceps,Machine
Chest Push (multiple response),8.3,https://www.bodybuilding.com/exercises/detail/view/name/chest-push-multiple-response,Chest,Medicine Ball
Chin-Up,9.1,https://www.bodybuilding.com/exercises/detail/view/name/chin-up,Lats,Body Only
Clam,8.8,https://www.bodybuilding.com/exercises/detail/view/name/clam,Abductors,Body Only
Clean,8.5,https://www.bodybuilding.com/exercises/detail/view/name/clean,Hamstrings,Barbell
Clean and Jerk,9.3,https://www.bodybuilding.com/exercises/detail/view/name/clean-and-jerk,Shoulders,Barbell
Clean and Press,9.4,https://www.bodybuilding.com/exercises/detail/view/name/clean-and-press,Shoulders,Barbell
Clean Deadlift,9.4,https://www.bodybuilding.com/exercises/detail/view/name/clean-deadlift,Hamstrings,Barbell
Clean from Blocks,9.5,https://www.bodybuilding.com/exercises/detail/view/name/clean-from-blocks,Quadriceps,Barbell
Clock Push-Up,8.4,https://www.bodybuilding.com/exercises/detail/view/name/clock-push-up,Chest,Body Only
Close-Grip Barbell Bench Press,9.1,https://www.bodybuilding.com/exercises/detail/view/name/close-grip-barbell-bench-press,Triceps,Barbell
Close-Grip Dumbbell Press,8.1,https://www.bodybuilding.com/exercises/detail/view/name/close-grip-dumbbell-press,Triceps,Dumbbell
Close-Grip EZ Bar Curl,8.9,https://www.bodybuilding.com/exercises/detail/view/name/close-grip-ez-bar-curl,Biceps,Barbell
Close-Grip EZ-Bar Press,8.8,https://www.bodybuilding.com/exercises/detail/view/name/close-grip-ez-bar-press,Triceps,E-Z Curl Bar
Close-Grip Front Lat Pulldown,8.8,https://www.bodybuilding.com/exercises/detail/view/name/close-grip-front-lat-pulldown,Lats,Cable
Close-Grip Standing Barbell Curl,8.6,https://www.bodybuilding.com/exercises/detail/view/name/close-grip-standing-barbell-curl,Biceps,Barbell
Cobra Triceps Extension,8.3,https://www.bodybuilding.com/exercises/detail/view/name/cobra-triceps-extension,Triceps,Body Only
Cocoons,9.1,https://www.bodybuilding.com/exercises/detail/view/name/cocoons,Abdominals,Body Only
Concentration Curls,9,https://www.bodybuilding.com/exercises/detail/view/name/concentration-curls,Biceps,Dumbbell
Cross Body Hammer Curl,8.9,https://www.bodybuilding.com/exercises/detail/view/name/cross-body-hammer-curl,Biceps,Dumbbell
Cross Over - With Bands,8.3,https://www.bodybuilding.com/exercises/detail/view/name/cross-over-with-bands,Chest,Bands
Cross-Body Crunch,9.1,https://www.bodybuilding.com/exercises/detail/view/name/cross-body-crunch,Abdominals,Body Only
Crunch - Hands Overhead,8.6,https://www.bodybuilding.com/exercises/detail/view/name/crunch-hands-overhead,Abdominals,Body Only
Crunches,8.7,https://www.bodybuilding.com/exercises/detail/view/name/crunches,Abdominals,Body Only
Dead Bug,8.6,https://www.bodybuilding.com/exercises/detail/view/name/dead-bug,Abdominals,Body Only
Deadlift with Bands,8.7,https://www.bodybuilding.com/exercises/detail/view/name/deadlift-with-bands,Lower Back,Barbell
Deadlift with Chains,8.6,https://www.bodybuilding.com/exercises/detail/view/name/deadlift-with-chains,Lower Back,Barbell
Decline Barbell Bench Press,8.9,https://www.bodybuilding.com/exercises/detail/view/name/decline-barbell-bench-press,Chest,Barbell
Decline Close-Grip Bench To Skull Crusher,8.9,https://www.bodybuilding.com/exercises/detail/view/name/decline-close-grip-bench-to-skull-crusher,Triceps,Barbell
Decline Crunch,9,https://www.bodybuilding.com/exercises/detail/view/name/decline-crunch,Abdominals,Body Only
Decline Dumbbell Bench Press,8.5,https://www.bodybuilding.com/exercises/detail/view/name/decline-dumbbell-bench-press,Chest,Dumbbell
Decline Dumbbell Flyes,9,https://www.bodybuilding.com/exercises/detail/view/name/decline-dumbbell-flyes,Chest,Dumbbell
Decline Dumbbell Triceps Extension,8.5,https://www.bodybuilding.com/exercises/detail/view/name/decline-dumbbell-triceps-extension,Triceps,Dumbbell
Decline EZ Bar Triceps Extension,9.3,https://www.bodybuilding.com/exercises/detail/view/name/decline-ez-bar-triceps-extension,Triceps,Barbell
Decline Oblique Crunch,8.5,https://www.bodybuilding.com/exercises/detail/view/name/decline-oblique-crunch,Abdominals,Body Only
Decline Push-Up,8.6,https://www.bodybuilding.com/exercises/detail/view/name/decline-push-up,Chest,None
Decline Reverse Crunch,9.2,https://www.bodybuilding.com/exercises/detail/view/name/decline-reverse-crunch,Abdominals,Body Only
Decline Smith Press,8.4,https://www.bodybuilding.com/exercises/detail/view/name/decline-smith-press,Chest,Machine
Deficit Deadlift,9.4,https://www.bodybuilding.com/exercises/detail/view/name/deficit-deadlift,Lower Back,Barbell
Dip Machine,8.8,https://www.bodybuilding.com/exercises/detail/view/name/dip-machine,Triceps,Machine
Dips - Chest Version,9,https://www.bodybuilding.com/exercises/detail/view/name/dips-chest-version,Chest,Other
Dips - Triceps Version,9.4,https://www.bodybuilding.com/exercises/detail/view/name/dips-triceps-version,Triceps,Body Only
Double Leg Butt Kick,8.8,https://www.bodybuilding.com/exercises/detail/view/name/double-leg-butt-kick,Quadriceps,Body Only
Drag Curl,8.5,https://www.bodybuilding.com/exercises/detail/view/name/drag-curl,Biceps,Barbell
Drop Push,8.8,https://www.bodybuilding.com/exercises/detail/view/name/drop-push,Chest,Other
Dumbbell Alternate Bicep Curl,8.7,https://www.bodybuilding.com/exercises/detail/view/name/dumbbell-alternate-bicep-curl,Biceps,Dumbbell
Dumbbell Bench Press,9.2,https://www.bodybuilding.com/exercises/detail/view/name/dumbbell-bench-press,Chest,Dumbbell
Dumbbell Bench Press with Neutral Grip,8.7,https://www.bodybuilding.com/exercises/detail/view/name/dumbbell-bench-press-with-neutral-grip,Chest,Dumbbell
Dumbbell Bicep Curl,8.9,https://www.bodybuilding.com/exercises/detail/view/name/dumbbell-bicep-curl,Biceps,Dumbbell
Dumbbell Clean,8.2,https://www.bodybuilding.com/exercises/detail/view/name/dumbbell-clean,Hamstrings,Dumbbell
Dumbbell Floor Press,9.3,https://www.bodybuilding.com/exercises/detail/view/name/dumbbell-floor-press,Triceps,Dumbbell
Dumbbell Flyes,9.1,https://www.bodybuilding.com/exercises/detail/view/name/dumbbell-flyes,Chest,Dumbbell
Dumbbell Goblet Squat,8.9,https://www.bodybuilding.com/exercises/detail/view/name/dumbbell-goblet-squat,Quadriceps,Dumbbell
Dumbbell Incline Row,8.8,https://www.bodybuilding.com/exercises/detail/view/name/dumbbell-incline-row,Middle Back,Dumbbell
Dumbbell Lunges,8.8,https://www.bodybuilding.com/exercises/detail/view/name/dumbbell-lunges,Quadriceps,Dumbbell
Dumbbell Lying One-Arm Rear Lateral Raise,9,https://www.bodybuilding.com/exercises/detail/view/name/dumbbell-lying-one-arm-rear-lateral-raise,Shoulders,Dumbbell
Dumbbell Lying Pronation,8.8,https://www.bodybuilding.com/exercises/detail/view/name/dumbbell-lying-pronation,Forearms,Dumbbell
Dumbbell Lying Rear Lateral Raise,8.3,https://www.bodybuilding.com/exercises/detail/view/name/dumbbell-lying-rear-lateral-raise,Shoulders,Dumbbell
Dumbbell Lying Supination,8.9,https://www.bodybuilding.com/exercises/detail/view/name/dumbbell-lying-supination,Forearms,Dumbbell
Dumbbell One-Arm Shoulder Press,8.8,https://www.bodybuilding.com/exercises/detail/view/name/dumbbell-one-arm-shoulder-press,Shoulders,Dumbbell
Dumbbell One-Arm Triceps Extension,8.5,https://www.bodybuilding.com/exercises/detail/view/name/dumbbell-one-arm-triceps-extension,Triceps,Dumbbell
Dumbbell Raise,8.4,https://www.bodybuilding.com/exercises/detail/view/name/dumbbell-raise,Shoulders,Dumbbell
Dumbbell Rear Delt Row,8.7,https://www.bodybuilding.com/exercises/detail/view/name/dumbbell-rear-delt-row,Shoulders,Dumbbell
Dumbbell Rear Lunge,8.7,https://www.bodybuilding.com/exercises/detail/view/name/dumbbell-rear-lunge,Quadriceps,Dumbbell
Dumbbell Seated Box Jump,8.3,https://www.bodybuilding.com/exercises/detail/view/name/dumbbell-seated-box-jump,Quadriceps,Dumbbell
Dumbbell Shoulder Press,9,https://www.bodybuilding.com/exercises/detail/view/name/dumbbell-shoulder-press,Shoulders,Dumbbell
Dumbbell Shrug,8.7,https://www.bodybuilding.com/exercises/detail/view/name/dumbbell-shrug,Traps,Dumbbell
Dumbbell Side Bend,8.6,https://www.bodybuilding.com/exercises/detail/view/name/dumbbell-side-bend,Abdominals,Dumbbell
Dumbbell Squat,8.9,https://www.bodybuilding.com/exercises/detail/view/name/dumbbell-squat,Quadriceps,Dumbbell
Dumbbell Step Ups,8.2,https://www.bodybuilding.com/exercises/detail/view/name/dumbbell-step-ups,Quadriceps,Dumbbell
Dumbbell V-Sit Cross Jab,9.3,https://www.bodybuilding.com/exercises/detail/view/name/dumbbell-v-sit-cross-jab,Abdominals,Dumbbell
Elbow to Knee,9.1,https://www.bodybuilding.com/exercises/detail/view/name/elbow-to-knee,Abdominals,Body Only
Elevated Cable Rows,8.3,https://www.bodybuilding.com/exercises/detail/view/name/elevated-cable-rows,Lats,Cable
Elliptical Trainer,8.8,https://www.bodybuilding.com/exercises/detail/view/name/elliptical-trainer,Quadriceps,Machine
Exercise Ball Crunch,8.4,https://www.bodybuilding.com/exercises/detail/view/name/exercise-ball-crunch,Abdominals,Exercise Ball
Exercise Ball Pull-In,8.9,https://www.bodybuilding.com/exercises/detail/view/name/exercise-ball-pull-in,Abdominals,Exercise Ball
External Rotation,8.5,https://www.bodybuilding.com/exercises/detail/view/name/external-rotation,Shoulders,Dumbbell
External Rotation with Cable,8.7,https://www.bodybuilding.com/exercises/detail/view/name/external-rotation-with-cable,Shoulders,Cable
EZ-Bar Curl,9.1,https://www.bodybuilding.com/exercises/detail/view/name/ez-bar-curl,Biceps,E-Z Curl Bar
EZ-Bar Skullcrusher,9,https://www.bodybuilding.com/exercises/detail/view/name/ez-bar-skullcrusher,Triceps,E-Z Curl Bar
Face Pull,8.4,https://www.bodybuilding.com/exercises/detail/view/name/face-pull,Shoulders,Cable
Farmer's Walk,9.4,https://www.bodybuilding.com/exercises/detail/view/name/farmers-walk,Forearms,Other
Finger Curls,9.3,https://www.bodybuilding.com/exercises/detail/view/name/finger-curls,Forearms,Barbell
Flat Bench Lying Leg Raise,8.4,https://www.bodybuilding.com/exercises/detail/view/name/flat-bench-lying-leg-raise,Abdominals,Body Only
Flexor Incline Dumbbell Curls,9,https://www.bodybuilding.com/exercises/detail/view/name/flexor-incline-dumbbell-curls,Biceps,Dumbbell
Floor Glute-Ham Raise,9.1,https://www.bodybuilding.com/exercises/detail/view/name/floor-glute-ham-raise,Hamstrings,None
Floor Press,8.3,https://www.bodybuilding.com/exercises/detail/view/name/floor-press,Triceps,Barbell
Flutter Kicks,8.3,https://www.bodybuilding.com/exercises/detail/view/name/flutter-kicks,Glutes,Body Only
Freehand Jump Squat,8.4,https://www.bodybuilding.com/exercises/detail/view/name/freehand-jump-squat,Quadriceps,Body Only
Front Barbell Squat,8.9,https://www.bodybuilding.com/exercises/detail/view/name/front-barbell-squat,Quadriceps,Barbell
Front Box Jump,8.6,https://www.bodybuilding.com/exercises/detail/view/name/front-box-jump,Hamstrings,Other
Front Cable Raise,8.7,https://www.bodybuilding.com/exercises/detail/view/name/front-cable-raise,Shoulders,Cable
Front Dumbbell Raise,9,https://www.bodybuilding.com/exercises/detail/view/name/front-dumbbell-raise,Shoulders,Dumbbell
Front Incline Dumbbell Raise,8.7,https://www.bodybuilding.com/exercises/detail/view/name/front-incline-dumbbell-raise,Shoulders,Dumbbell
Front Leg Raises,8.4,https://www.bodybuilding.com/exercises/detail/view/name/front-leg-raises,Hamstrings,Body Only
Front Plate Raise,8.9,https://www.bodybuilding.com/exercises/detail/view/name/front-plate-raise,Shoulders,Other
Front Raise And Pullover,8.3,https://www.bodybuilding.com/exercises/detail/view/name/front-raise-and-pullover,Chest,Barbell
Front Squats With Two Kettlebells,9.2,https://www.bodybuilding.com/exercises/detail/view/name/front-squats-with-two-kettlebells,Quadriceps,Kettlebells
Front Two-Dumbbell Raise,8.8,https://www.bodybuilding.com/exercises/detail/view/name/front-two-dumbbell-raise,Shoulders,Dumbbell
Full Range-Of-Motion Lat Pulldown,8.1,https://www.bodybuilding.com/exercises/detail/view/name/full-range-of-motion-lat-pulldown,Lats,Cable
Gironda Sternum Chins,8.5,https://www.bodybuilding.com/exercises/detail/view/name/gironda-sternum-chins,Lats,Other
Glute Ham Raise,8.4,https://www.bodybuilding.com/exercises/detail/view/name/glute-ham-raise,Hamstrings,Machine
Glute Kickback,8.3,https://www.bodybuilding.com/exercises/detail/view/name/glute-kickback,Glutes,Body Only
Goblet Squat,8.7,https://www.bodybuilding.com/exercises/detail/view/name/goblet-squat,Quadriceps,Kettlebells
Good Morning,8.5,https://www.bodybuilding.com/exercises/detail/view/name/good-morning,Hamstrings,Barbell
Gorilla Chin/Crunch,9,https://www.bodybuilding.com/exercises/detail/view/name/gorilla-chincrunch,Abdominals,Body Only
Groiners,8.8,https://www.bodybuilding.com/exercises/detail/view/name/groiners-,Adductors,Body Only
Hack Squat,8.4,https://www.bodybuilding.com/exercises/detail/view/name/hack-squat,Quadriceps,Machine
Hammer Curls,9.1,https://www.bodybuilding.com/exercises/detail/view/name/hammer-curls,Biceps,Dumbbell
Hammer Grip Incline DB Bench Press,8.5,https://www.bodybuilding.com/exercises/detail/view/name/hammer-grip-incline-db-bench-press,Chest,Dumbbell
Handstand Push-Ups,8.7,https://www.bodybuilding.com/exercises/detail/view/name/handstand-push-ups,Shoulders,Body Only
Hang Clean,9.3,https://www.bodybuilding.com/exercises/detail/view/name/hang-clean,Quadriceps,Barbell
Hang Clean - Below the Knees,8.5,https://www.bodybuilding.com/exercises/detail/view/name/hang-clean-below-the-knees,Quadriceps,Barbell
Hang Snatch,8.7,https://www.bodybuilding.com/exercises/detail/view/name/hang-snatch,Hamstrings,Barbell
Hanging Leg Raise,8.9,https://www.bodybuilding.com/exercises/detail/view/name/hanging-leg-raise,Abdominals,Body Only
Hanging Oblique Knee Raise,9,https://www.bodybuilding.com/exercises/detail/view/name/hanging-oblique-knee-raise,Abdominals,Body Only
Hanging Pike,9,https://www.bodybuilding.com/exercises/detail/view/name/hanging-pike,Abdominals,Body Only
Hip Circles (prone),9.2,https://www.bodybuilding.com/exercises/detail/view/name/hip-circles-prone,Abductors,Body Only
Hyperextensions (Back Extensions),9.1,https://www.bodybuilding.com/exercises/detail/view/name/hyperextensions-back-extensions,Lower Back,Other
Hyperextensions With No Hyperextension Bench,8.8,https://www.bodybuilding.com/exercises/detail/view/name/hyperextensions-with-no-hyperextension-bench,Lower Back,Body Only
Iliotibial Tract-SMR,8.2,https://www.bodybuilding.com/exercises/detail/view/name/iliotibial-tract-smr,Abductors,Foam Roll
Incline Barbell Triceps Extension,8.9,https://www.bodybuilding.com/exercises/detail/view/name/incline-barbell-triceps-extension,Triceps,Barbell
Incline Cable Chest Press,8.7,https://www.bodybuilding.com/exercises/detail/view/name/incline-cable-chest-press,Chest,Cable
Incline Cable Flye,9,https://www.bodybuilding.com/exercises/detail/view/name/incline-cable-flye,Chest,Cable
Incline Dumbbell Bench With Palms Facing In,8.4,https://www.bodybuilding.com/exercises/detail/view/name/incline-dumbbell-bench-with-palms-facing-in,Chest,Dumbbell
Incline Dumbbell Curl,8.6,https://www.bodybuilding.com/exercises/detail/view/name/incline-dumbbell-curl,Biceps,Dumbbell
Incline Dumbbell Flyes,8.8,https://www.bodybuilding.com/exercises/detail/view/name/incline-dumbbell-flyes,Chest,Dumbbell
Incline Dumbbell Flyes - With A Twist,8.3,https://www.bodybuilding.com/exercises/detail/view/name/incline-dumbbell-flyes-with-a-twist,Chest,Dumbbell
Incline Dumbbell Press,9.1,https://www.bodybuilding.com/exercises/detail/view/name/incline-dumbbell-press,Chest,Dumbbell
Incline Dumbbell Press Reverse-Grip,8.9,https://www.bodybuilding.com/exercises/detail/view/name/incline-dumbbell-press-reverse-grip,Chest,Dumbbell
Incline Hammer Curls,9.5,https://www.bodybuilding.com/exercises/detail/view/name/incline-hammer-curls,Biceps,Dumbbell
Incline Push-Up,8.8,https://www.bodybuilding.com/exercises/detail/view/name/incline-push-up,Chest,Body Only
Incline Push-Up Depth Jump,8.3,https://www.bodybuilding.com/exercises/detail/view/name/incline-push-up-depth-jump,Chest,Other
Incline Push-Up Medium,8.7,https://www.bodybuilding.com/exercises/detail/view/name/incline-push-up-medium,Chest,Body Only
Incline Push-Up Wide,8.5,https://www.bodybuilding.com/exercises/detail/view/name/incline-push-up-wide,Chest,Body Only
Internal Rotation with Band,8.3,https://www.bodybuilding.com/exercises/detail/view/name/internal-rotation-with-band,Shoulders,Bands
Inverted Row,8.2,https://www.bodybuilding.com/exercises/detail/view/name/inverted-row,Middle Back,None
Iron Cross,8.3,https://www.bodybuilding.com/exercises/detail/view/name/iron-cross,Shoulders,Dumbbell
Isometric Wipers,8.4,https://www.bodybuilding.com/exercises/detail/view/name/isometric-wipers,Chest,Body Only
Jackknife Sit-Up,8.5,https://www.bodybuilding.com/exercises/detail/view/name/jackknife-sit-up,Abdominals,Body Only
JM Press,8.6,https://www.bodybuilding.com/exercises/detail/view/name/jm-press,Triceps,Barbell
Jog In Place,8.4,https://www.bodybuilding.com/exercises/detail/view/name/jog-in-place,Quadriceps,Body Only
Jogging-Treadmill,8.3,https://www.bodybuilding.com/exercises/detail/view/name/jogging-treadmill,Quadriceps,Machine
Jumping Jacks,8.5,https://www.bodybuilding.com/exercises/detail/view/name/jumping-jacks,Quadriceps,None
Kettlebell One-Legged Deadlift,8.6,https://www.bodybuilding.com/exercises/detail/view/name/kettlebell-one-legged-deadlift,Hamstrings,Kettlebells
Kettlebell Pistol Squat,9.1,https://www.bodybuilding.com/exercises/detail/view/name/kettlebell-pistol-squat,Quadriceps,Kettlebells
Kettlebell Sumo High Pull,8.7,https://www.bodybuilding.com/exercises/detail/view/name/kettlebell-sumo-high-pull,Traps,Kettlebells
Kettlebell Thruster,8.6,https://www.bodybuilding.com/exercises/detail/view/name/kettlebell-thruster,Shoulders,Kettlebells
Kettlebell Turkish Get-Up (Lunge style),8.2,https://www.bodybuilding.com/exercises/detail/view/name/kettlebell-turkish-get-up-lunge-style,Shoulders,Kettlebells
Kettlebell Turkish Get-Up (Squat style),8.6,https://www.bodybuilding.com/exercises/detail/view/name/kettlebell-turkish-get-up-squat-style,Shoulders,Kettlebells
Knee Tuck Jump,8.1,https://www.bodybuilding.com/exercises/detail/view/name/knee-tuck-jump,Hamstrings,Body Only
Knee/Hip Raise On Parallel Bars,8.6,https://www.bodybuilding.com/exercises/detail/view/name/kneehip-raise-on-parallel-bars,Abdominals,Other
Kneeling Cable Crunch With Alternating Oblique Twists,8.9,https://www.bodybuilding.com/exercises/detail/view/name/kneeling-cable-crunch-with-alternating-oblique-twists,Abdominals,Cable
Kneeling Cable Triceps Extension,9,https://www.bodybuilding.com/exercises/detail/view/name/kneeling-cable-triceps-extension,Triceps,Cable
Kneeling Single-Arm High Pulley Row,8.3,https://www.bodybuilding.com/exercises/detail/view/name/kneeling-single-arm-high-pulley-row,Lats,Cable
Kneeling Squat,8.6,https://www.bodybuilding.com/exercises/detail/view/name/kneeling-squat,Glutes,Barbell
Landmine 180's,9.5,https://www.bodybuilding.com/exercises/detail/view/name/landmine-180s,Abdominals,Barbell
Leg Extensions,8.5,https://www.bodybuilding.com/exercises/detail/view/name/leg-extensions,Quadriceps,Machine
Leg Press,8.8,https://www.bodybuilding.com/exercises/detail/view/name/leg-press,Quadriceps,Machine
Leverage Chest Press,8.5,https://www.bodybuilding.com/exercises/detail/view/name/leverage-chest-press,Chest,Machine
Leverage Decline Chest Press,8.3,https://www.bodybuilding.com/exercises/detail/view/name/leverage-decline-chest-press,Chest,Machine
Leverage Incline Chest Press,8.6,https://www.bodybuilding.com/exercises/detail/view/name/leverage-incline-chest-press,Chest,Machine
Leverage Iso Row,8.4,https://www.bodybuilding.com/exercises/detail/view/name/leverage-iso-row,Lats,Machine
Leverage Shoulder Press,8.9,https://www.bodybuilding.com/exercises/detail/view/name/leverage-shoulder-press,Shoulders,Machine
Leverage Shrug,9.1,https://www.bodybuilding.com/exercises/detail/view/name/leverage-shrug,Traps,Machine
Linear Acceleration Wall Drill,8.3,https://www.bodybuilding.com/exercises/detail/view/name/linear-acceleration-wall-drill,Hamstrings,None
Low Cable Crossover,9.1,https://www.bodybuilding.com/exercises/detail/view/name/low-cable-crossover,Chest,Cable
Low Cable Triceps Extension,8.2,https://www.bodybuilding.com/exercises/detail/view/name/low-cable-triceps-extension,Triceps,Cable
Low Pulley Row To Neck,8.5,https://www.bodybuilding.com/exercises/detail/view/name/low-pulley-row-to-neck,Shoulders,Cable
Lunge Pass Through,8.7,https://www.bodybuilding.com/exercises/detail/view/name/lunge-pass-through,Hamstrings,Kettlebells
Lying Cable Curl,8.2,https://www.bodybuilding.com/exercises/detail/view/name/lying-cable-curl,Biceps,Cable
Lying Close-Grip Barbell Triceps Extension Behind The Head,8.7,https://www.bodybuilding.com/exercises/detail/view/name/lying-close-grip-barbell-triceps-extension-behind-the-head,Triceps,Barbell
Lying Close-Grip Barbell Triceps Press To Chin,8.1,https://www.bodybuilding.com/exercises/detail/view/name/lying-close-grip-barbell-triceps-press-to-chin,Triceps,E-Z Curl Bar
Lying Dumbbell Tricep Extension,8.4,https://www.bodybuilding.com/exercises/detail/view/name/lying-dumbbell-tricep-extension,Triceps,Dumbbell
Lying Face Down Plate Neck Resistance,9.3,https://www.bodybuilding.com/exercises/detail/view/name/lying-face-down-plate-neck-resistance,Neck,Other
Lying Face Up Plate Neck Resistance,8.4,https://www.bodybuilding.com/exercises/detail/view/name/lying-face-up-plate-neck-resistance,Neck,Other
Lying Leg Curls,8.9,https://www.bodybuilding.com/exercises/detail/view/name/lying-leg-curls,Hamstrings,Machine
Lying Rear Delt Raise,8.2,https://www.bodybuilding.com/exercises/detail/view/name/lying-rear-delt-raise,Shoulders,Dumbbell
Lying Supine Dumbbell Curl,8.3,https://www.bodybuilding.com/exercises/detail/view/name/lying-supine-dumbbell-curl,Biceps,Dumbbell
Lying Triceps Press,8.1,https://www.bodybuilding.com/exercises/detail/view/name/lying-triceps-press,Triceps,E-Z Curl Bar
Machine Bench Press,8.2,https://www.bodybuilding.com/exercises/detail/view/name/machine-bench-press,Chest,Machine
Machine Bicep Curl,9,https://www.bodybuilding.com/exercises/detail/view/name/machine-bicep-curl,Biceps,Machine
Machine Preacher Curls,8.3,https://www.bodybuilding.com/exercises/detail/view/name/machine-preacher-curls,Biceps,Machine
Machine Squat,8.8,https://www.bodybuilding.com/exercises/detail/view/name/machine-squat,Quadriceps,Machine
Machine-Assisted Pull-Up,8.2,https://www.bodybuilding.com/exercises/detail/view/name/machine-assisted-pull-up,Lats,Machine
Man Maker,8.4,https://www.bodybuilding.com/exercises/detail/view/name/man-maker,Middle Back,Dumbbell
Middle Back Shrug,8.3,https://www.bodybuilding.com/exercises/detail/view/name/middle-back-shrug,Middle Back,Dumbbell
Mixed Grip Chin,8.2,https://www.bodybuilding.com/exercises/detail/view/name/mixed-grip-chin,Middle Back,Other
Mountain Climbers,8.8,https://www.bodybuilding.com/exercises/detail/view/name/mountain-climbers,Quadriceps,None
Muscle Up,8.9,https://www.bodybuilding.com/exercises/detail/view/name/muscle-up,Lats,Other
Narrow Stance Hack Squats,8.8,https://www.bodybuilding.com/exercises/detail/view/name/narrow-stance-hack-squats,Quadriceps,Machine
Narrow Stance Leg Press,8.8,https://www.bodybuilding.com/exercises/detail/view/name/narrow-stance-leg-press,Quadriceps,Machine
Narrow Stance Squats,9,https://www.bodybuilding.com/exercises/detail/view/name/narrow-stance-squats,Quadriceps,Barbell
Natural Glute Ham Raise,9.1,https://www.bodybuilding.com/exercises/detail/view/name/natural-glute-ham-raise,Hamstrings,Body Only
Neck Press,8.8,https://www.bodybuilding.com/exercises/detail/view/name/neck-press,Chest,Barbell
Neutral-Grip Pull Ups,8.2,https://www.bodybuilding.com/exercises/detail/view/name/neutral-grip-pull-ups,Lats,Body Only
Oblique Cable Crunch,9,https://www.bodybuilding.com/exercises/detail/view/name/oblique-cable-crunch,Abdominals,Cable
Oblique Crunches,8.3,https://www.bodybuilding.com/exercises/detail/view/name/oblique-crunches,Abdominals,Body Only
Olympic Squat,9.1,https://www.bodybuilding.com/exercises/detail/view/name/olympic-squat-,Quadriceps,Barbell
One Arm Dumbbell Bench Press,8.5,https://www.bodybuilding.com/exercises/detail/view/name/one-arm-dumbbell-bench-press,Chest,Dumbbell
One Arm Dumbbell Preacher Curl,8.7,https://www.bodybuilding.com/exercises/detail/view/name/one-arm-dumbbell-preacher-curl,Biceps,Dumbbell
One Arm Pronated Dumbbell Triceps Extension,8.4,https://www.bodybuilding.com/exercises/detail/view/name/one-arm-pronated-dumbbell-triceps-extension,Triceps,Dumbbell
One Arm Supinated Dumbbell Triceps Extension,8.4,https://www.bodybuilding.com/exercises/detail/view/name/one-arm-supinated-dumbbell-triceps-extension,Triceps,Dumbbell
One Leg Barbell Squat,8.5,https://www.bodybuilding.com/exercises/detail/view/name/one-leg-barbell-squat,Quadriceps,Barbell
One-Arm Dumbbell Row,9,https://www.bodybuilding.com/exercises/detail/view/name/one-arm-dumbbell-row,Middle Back,Dumbbell
One-Arm High-Pulley Cable Side Bends,9.1,https://www.bodybuilding.com/exercises/detail/view/name/one-arm-high-pulley-cable-side-bends-,Abdominals,Cable
One-Arm Incline Lateral Raise,8.5,https://www.bodybuilding.com/exercises/detail/view/name/one-arm-incline-lateral-raise,Shoulders,Dumbbell
One-Arm Kettlebell Clean,8.6,https://www.bodybuilding.com/exercises/detail/view/name/one-arm-kettlebell-clean,Hamstrings,Kettlebells
One-Arm Kettlebell Clean and Jerk,8.4,https://www.bodybuilding.com/exercises/detail/view/name/one-arm-kettlebell-clean-and-jerk-,Shoulders,Kettlebells
One-Arm Kettlebell Push Press,9.3,https://www.bodybuilding.com/exercises/detail/view/name/one-arm-kettlebell-push-press,Shoulders,Kettlebells
One-Arm Kettlebell Row,8.2,https://www.bodybuilding.com/exercises/detail/view/name/one-arm-kettlebell-row,Middle Back,Kettlebells
One-Arm Kettlebell Snatch,8.6,https://www.bodybuilding.com/exercises/detail/view/name/one-arm-kettlebell-snatch,Shoulders,Kettlebells
One-Arm Long Bar Row,9,https://www.bodybuilding.com/exercises/detail/view/name/one-arm-long-bar-row,Middle Back,Barbell
One-Arm Medicine Ball Slam,9.5,https://www.bodybuilding.com/exercises/detail/view/name/one-arm-medicine-ball-slam,Abdominals,Medicine Ball
One-Arm Side Laterals,9.1,https://www.bodybuilding.com/exercises/detail/view/name/one-arm-side-laterals,Shoulders,Dumbbell
One-Legged Cable Kickback,9,https://www.bodybuilding.com/exercises/detail/view/name/one-legged-cable-kickback,Glutes,Cable
Otis-Up,8.8,https://www.bodybuilding.com/exercises/detail/view/name/otis-up,Abdominals,Other
Overhead Cable Curl,9,https://www.bodybuilding.com/exercises/detail/view/name/overhead-cable-curl,Biceps,Cable
Pallof Press,8.4,https://www.bodybuilding.com/exercises/detail/view/name/pallof-press,Abdominals,Cable
Palms-Down Dumbbell Wrist Curl Over A Bench,8.4,https://www.bodybuilding.com/exercises/detail/view/name/palms-down-dumbbell-wrist-curl-over-a-bench,Forearms,Dumbbell
Palms-Down Wrist Curl Over A Bench,9.5,https://www.bodybuilding.com/exercises/detail/view/name/palms-down-wrist-curl-over-a-bench,Forearms,Barbell
Palms-Up Barbell Wrist Curl Over A Bench,9.4,https://www.bodybuilding.com/exercises/detail/view/name/palms-up-barbell-wrist-curl-over-a-bench,Forearms,Barbell
Palms-Up Dumbbell Wrist Curl Over A Bench,8.6,https://www.bodybuilding.com/exercises/detail/view/name/palms-up-dumbbell-wrist-curl-over-a-bench,Forearms,Dumbbell
Parallel Bar Dip,8.8,https://www.bodybuilding.com/exercises/detail/view/name/parallel-bar-dip,Triceps,Other
Pendlay Rown,8.2,https://www.bodybuilding.com/exercises/detail/view/name/pendlay-rown,Middle Back,Barbell
Plank,9.3,https://www.bodybuilding.com/exercises/detail/view/name/plank,Abdominals,Body Only
Plate Pinch,8.3,https://www.bodybuilding.com/exercises/detail/view/name/plate-pinch,Forearms,Other
Plate Twist,9,https://www.bodybuilding.com/exercises/detail/view/name/plate-twist,Abdominals,Other
Plie Dumbbell Squat,8.3,https://www.bodybuilding.com/exercises/detail/view/name/plie-dumbbell-squat,Quadriceps,Dumbbell
Power Clean,8.7,https://www.bodybuilding.com/exercises/detail/view/name/power-clean,Hamstrings,Barbell
Power Clean from Blocks,9.2,https://www.bodybuilding.com/exercises/detail/view/name/power-clean-from-blocks,Hamstrings,Barbell
Power Jerk,8.2,https://www.bodybuilding.com/exercises/detail/view/name/power-jerk-,Quadriceps,Barbell
Power Partials,9.1,https://www.bodybuilding.com/exercises/detail/view/name/power-partials,Shoulders,Dumbbell
Power Snatch,9.2,https://www.bodybuilding.com/exercises/detail/view/name/power-snatch,Hamstrings,Barbell
Preacher Curl,8.8,https://www.bodybuilding.com/exercises/detail/view/name/preacher-curl,Biceps,Barbell
Preacher Hammer Dumbbell Curl,8.6,https://www.bodybuilding.com/exercises/detail/view/name/preacher-hammer-dumbbell-curl,Biceps,Dumbbell
Press Sit-Up,8.5,https://www.bodybuilding.com/exercises/detail/view/name/press-sit-up,Abdominals,Barbell
Pullups,9.2,https://www.bodybuilding.com/exercises/detail/view/name/pullups,Lats,Body Only
Push Press,9.3,https://www.bodybuilding.com/exercises/detail/view/name/push-press,Shoulders,Barbell
Push-Up Wide,8.3,https://www.bodybuilding.com/exercises/detail/view/name/push-up-wide,Chest,Body Only
Push-Ups - Close Triceps Position,9,https://www.bodybuilding.com/exercises/detail/view/name/push-ups-close-triceps-position,Triceps,Body Only
Push-Ups With Feet Elevated,8.5,https://www.bodybuilding.com/exercises/detail/view/name/push-ups-with-feet-elevated,Chest,Body Only
Push-Ups With Feet On An Exercise Ball,8.5,https://www.bodybuilding.com/exercises/detail/view/name/push-ups-with-feet-on-an-exercise-ball,Chest,Exercise Ball
Pushups,9.2,https://www.bodybuilding.com/exercises/detail/view/name/pushups,Chest,Body Only
Pushups (Close and Wide Hand Positions),8.5,https://www.bodybuilding.com/exercises/detail/view/name/pushups-close-and-wide-hand-positions,Chest,Body Only
Rack Pull with Bands,8.5,https://www.bodybuilding.com/exercises/detail/view/name/rack-pull-with-bands,Lower Back,Barbell
Rack Pulls,8.3,https://www.bodybuilding.com/exercises/detail/view/name/rack-pulls,Lower Back,Barbell
Recumbent Bike,8.2,https://www.bodybuilding.com/exercises/detail/view/name/recumbent-bike,Quadriceps,Machine
Reverse Band Box Squat,9.3,https://www.bodybuilding.com/exercises/detail/view/name/reverse-band-box-squat,Quadriceps,Barbell
Reverse Barbell Curl,8.2,https://www.bodybuilding.com/exercises/detail/view/name/reverse-barbell-curl,Biceps,Barbell
Reverse Barbell Preacher Curls,8.8,https://www.bodybuilding.com/exercises/detail/view/name/reverse-barbell-preacher-curls,Biceps,E-Z Curl Bar
Reverse Cable Curl,8.7,https://www.bodybuilding.com/exercises/detail/view/name/reverse-cable-curl,Biceps,Cable
Reverse Crunch,8.8,https://www.bodybuilding.com/exercises/detail/view/name/reverse-crunch,Abdominals,Body Only
Reverse Flyes,9.1,https://www.bodybuilding.com/exercises/detail/view/name/reverse-flyes,Shoulders,Dumbbell
Reverse Grip Bent-Over Rows,9.2,https://www.bodybuilding.com/exercises/detail/view/name/reverse-grip-bent-over-rows,Middle Back,Barbell
Reverse Grip Triceps Pushdown,9,https://www.bodybuilding.com/exercises/detail/view/name/reverse-grip-triceps-pushdown,Triceps,Cable
Reverse Machine Flyes,8.2,https://www.bodybuilding.com/exercises/detail/view/name/reverse-machine-flyes,Shoulders,Machine
Reverse Triceps Bench Press,8.3,https://www.bodybuilding.com/exercises/detail/view/name/reverse-triceps-bench-press,Triceps,Barbell
Rickshaw Carry,9.6,https://www.bodybuilding.com/exercises/detail/view/name/rickshaw-carry,Forearms,Other
Ring Dips,8.8,https://www.bodybuilding.com/exercises/detail/view/name/ring-dips,Triceps,Other
Rocking Standing Calf Raise,8.7,https://www.bodybuilding.com/exercises/detail/view/name/rocking-standing-calf-raise,Calves,Barbell
Rocky Pull-Ups/Pulldowns,9,https://www.bodybuilding.com/exercises/detail/view/name/rocky-pull-upspulldowns,Lats,Other
Romanian Deadlift,8.1,https://www.bodybuilding.com/exercises/detail/view/name/romanian-deadlift,Hamstrings,Barbell
Romanian Deadlift from Deficit,9.2,https://www.bodybuilding.com/exercises/detail/view/name/romanian-deadlift-from-deficit,Hamstrings,Barbell
Romanian Deadlift With Dumbbells,9.4,https://www.bodybuilding.com/exercises/detail/view/name/romanian-deadlift-with-dumbbells,Hamstrings,Dumbbell
Rope Climb,8.7,https://www.bodybuilding.com/exercises/detail/view/name/rope-climb,Lats,Other
Rope Crunch,8.6,https://www.bodybuilding.com/exercises/detail/view/name/rope-crunch,Abdominals,Cable
Rope Jumping,9.2,https://www.bodybuilding.com/exercises/detail/view/name/rope-jumping,Quadriceps,Other
Rope Straight-Arm Pulldown,8.7,https://www.bodybuilding.com/exercises/detail/view/name/rope-straight-arm-pulldown,Lats,Cable
Russian Twist,8.4,https://www.bodybuilding.com/exercises/detail/view/name/russian-twist,Abdominals,Body Only
Scissors Jump,8.5,https://www.bodybuilding.com/exercises/detail/view/name/scissors-jump,Quadriceps,Body Only
Seated Back Extension,8.2,https://www.bodybuilding.com/exercises/detail/view/name/seated-back-extension,Lower Back,Machine
Seated Barbell Military Press,9.2,https://www.bodybuilding.com/exercises/detail/view/name/seated-barbell-military-press,Shoulders,Barbell
Seated Bent-Over Rear Delt Raise,8.4,https://www.bodybuilding.com/exercises/detail/view/name/seated-bent-over-rear-delt-raise,Shoulders,Dumbbell
Seated Bent-Over Two-Arm Dumbbell Triceps Extension,8.2,https://www.bodybuilding.com/exercises/detail/view/name/seated-bent-over-two-arm-dumbbell-triceps-extension,Triceps,Dumbbell
Seated Cable Rows,8.8,https://www.bodybuilding.com/exercises/detail/view/name/seated-cable-rows,Middle Back,Cable
Seated Cable Shoulder Press,8.5,https://www.bodybuilding.com/exercises/detail/view/name/seated-cable-shoulder-press,Shoulders,Cable
Seated Calf Raise,8.7,https://www.bodybuilding.com/exercises/detail/view/name/seated-calf-raise,Calves,Machine
Seated Close-Grip Concentration Barbell Curl,8.8,https://www.bodybuilding.com/exercises/detail/view/name/seated-close-grip-concentration-barbell-curl,Biceps,Barbell
Seated Dumbbell Curl,8.6,https://www.bodybuilding.com/exercises/detail/view/name/seated-dumbbell-curl,Biceps,Dumbbell
Seated Dumbbell Palms-Down Wrist Curl,8.4,https://www.bodybuilding.com/exercises/detail/view/name/seated-dumbbell-palms-down-wrist-curl,Forearms,Dumbbell
Seated Dumbbell Press,9.1,https://www.bodybuilding.com/exercises/detail/view/name/seated-dumbbell-press,Shoulders,Dumbbell
Seated Flat Bench Leg Pull-In,8.4,https://www.bodybuilding.com/exercises/detail/view/name/seated-flat-bench-leg-pull-in,Abdominals,Body Only
Seated Good Mornings,8.1,https://www.bodybuilding.com/exercises/detail/view/name/seated-good-mornings,Lower Back,Barbell
Seated One-arm Cable Pulley Rows,8.5,https://www.bodybuilding.com/exercises/detail/view/name/seated-one-arm-cable-pulley-rows,Middle Back,Cable
Seated One-Arm Dumbbell Palms-Down Wrist Curl,8.3,https://www.bodybuilding.com/exercises/detail/view/name/seated-one-arm-dumbbell-palms-down-wrist-curl,Forearms,Dumbbell
Seated One-Arm Dumbbell Palms-Up Wrist Curl,9,https://www.bodybuilding.com/exercises/detail/view/name/seated-one-arm-dumbbell-palms-up-wrist-curl,Forearms,Dumbbell
Seated Palm-Up Barbell Wrist Curl,8.7,https://www.bodybuilding.com/exercises/detail/view/name/seated-palm-up-barbell-wrist-curl,Forearms,Barbell
Seated Palms-Down Barbell Wrist Curl,9,https://www.bodybuilding.com/exercises/detail/view/name/seated-palms-down-barbell-wrist-curl,Forearms,Barbell
Seated Side Lateral Raise,8.3,https://www.bodybuilding.com/exercises/detail/view/name/seated-side-lateral-raise,Shoulders,Dumbbell
Seated Triceps Press,8.9,https://www.bodybuilding.com/exercises/detail/view/name/seated-triceps-press,Triceps,Dumbbell
Seated Two-Arm Palms-Up Low-Pulley Wrist Curl,9.2,https://www.bodybuilding.com/exercises/detail/view/name/seated-two-arm-palms-up-low-pulley-wrist-curl,Forearms,Cable
Shotgun Row,8.9,https://www.bodybuilding.com/exercises/detail/view/name/shotgun-row,Lats,Cable
Side Lateral Raise,8.6,https://www.bodybuilding.com/exercises/detail/view/name/side-lateral-raise,Shoulders,Dumbbell
Side Laterals to Front Raise,9.5,https://www.bodybuilding.com/exercises/detail/view/name/side-laterals-to-front-raise-,Shoulders,Dumbbell
Side to Side Box Shuffle,8.9,https://www.bodybuilding.com/exercises/detail/view/name/side-to-side-box-shuffle,Quadriceps,Other
Side To Side Chins,8.4,https://www.bodybuilding.com/exercises/detail/view/name/side-to-side-chins,Lats,Other
Side Wrist Pull,8.4,https://www.bodybuilding.com/exercises/detail/view/name/side-wrist-pull,Shoulders,None
Single Dumbbell Raise,9,https://www.bodybuilding.com/exercises/detail/view/name/single-dumbbell-raise,Shoulders,Dumbbell
Single Leg Deadlift,8.2,https://www.bodybuilding.com/exercises/detail/view/name/single-leg-deadlift,Hamstrings,Kettlebells
Single Leg Glute Bridge,8.8,https://www.bodybuilding.com/exercises/detail/view/name/single-leg-glute-bridge-,Glutes,Body Only
Single Leg Push-off,9.2,https://www.bodybuilding.com/exercises/detail/view/name/single-leg-push-off,Quadriceps,Other
Single-Arm Cable Crossover,8.6,https://www.bodybuilding.com/exercises/detail/view/name/single-arm-cable-crossover,Chest,Cable
Single-Arm Linear Jammer,9.5,https://www.bodybuilding.com/exercises/detail/view/name/single-arm-linear-jammer,Shoulders,Barbell
Single-Arm Push-Up,8.6,https://www.bodybuilding.com/exercises/detail/view/name/single-arm-push-up,Chest,Body Only
Single-Leg High Box Squat,9,https://www.bodybuilding.com/exercises/detail/view/name/single-leg-high-box-squat,Quadriceps,Other
Single-Leg Press,9.6,https://www.bodybuilding.com/exercises/detail/view/name/single-leg-press,Quadriceps,Machine
Skating,8.4,https://www.bodybuilding.com/exercises/detail/view/name/skating,Quadriceps,Other
Sledgehammer Swings,8.6,https://www.bodybuilding.com/exercises/detail/view/name/sledgehammer-swings,Abdominals,Other
Smith Machine Bench Press,8.3,https://www.bodybuilding.com/exercises/detail/view/name/smith-machine-bench-press,Chest,Machine
Smith Machine Bent Over Row,8.1,https://www.bodybuilding.com/exercises/detail/view/name/smith-machine-bent-over-row,Middle Back,Machine
Smith Machine Calf Raise,9.2,https://www.bodybuilding.com/exercises/detail/view/name/smith-machine-calf-raise,Calves,Machine
Smith Machine Overhead Shoulder Press,8.9,https://www.bodybuilding.com/exercises/detail/view/name/smith-machine-overhead-shoulder-press,Shoulders,Machine
Smith Machine Shrug,9.2,https://www.bodybuilding.com/exercises/detail/view/name/smith-machine-shrug,Traps,Machine
Smith Machine Squat,8.7,https://www.bodybuilding.com/exercises/detail/view/name/smith-machine-squat,Quadriceps,Machine
Snatch,9.3,https://www.bodybuilding.com/exercises/detail/view/name/snatch,Quadriceps,Barbell
Snatch Deadlift,8.9,https://www.bodybuilding.com/exercises/detail/view/name/snatch-deadlift,Hamstrings,Barbell
Snatch-Grip Behind-The-Neck Overhead Press,9,https://www.bodybuilding.com/exercises/detail/view/name/snatch-grip-behind-the-neck-overhead-press,Shoulders,Barbell
Spell Caster,9.3,https://www.bodybuilding.com/exercises/detail/view/name/spell-caster,Abdominals,Dumbbell
Spider Crawl,9.2,https://www.bodybuilding.com/exercises/detail/view/name/spider-crawl,Abdominals,Body Only
Spider Curl,9.2,https://www.bodybuilding.com/exercises/detail/view/name/spider-curl,Biceps,E-Z Curl Bar
Split Jerk,8.3,https://www.bodybuilding.com/exercises/detail/view/name/split-jerk,Quadriceps,Barbell
Split Squat with Dumbbells,8.6,https://www.bodybuilding.com/exercises/detail/view/name/split-squat-with-dumbbells,Quadriceps,Dumbbell
Squat with Chains,9,https://www.bodybuilding.com/exercises/detail/view/name/squat-with-chains,Quadriceps,Barbell
Stairmaster,8.8,https://www.bodybuilding.com/exercises/detail/view/name/stairmaster,Quadriceps,Machine
Standing Alternating Dumbbell Press,9,https://www.bodybuilding.com/exercises/detail/view/name/standing-alternating-dumbbell-press-,Shoulders,Dumbbell
Standing Barbell Calf Raise,8.2,https://www.bodybuilding.com/exercises/detail/view/name/standing-barbell-calf-raise,Calves,Barbell
Standing Bent-Over Two-Arm Dumbbell Triceps Extension,8.8,https://www.bodybuilding.com/exercises/detail/view/name/standing-bent-over-two-arm-dumbbell-triceps-extension,Triceps,Dumbbell
Standing Biceps Cable Curl,8.5,https://www.bodybuilding.com/exercises/detail/view/name/standing-biceps-cable-curl,Biceps,Cable
Standing Bradford Press,8.7,https://www.bodybuilding.com/exercises/detail/view/name/standing-bradford-press,Shoulders,Barbell
Standing Cable Chest Press,8.2,https://www.bodybuilding.com/exercises/detail/view/name/standing-cable-chest-press,Chest,Cable
Standing Cable Lift,9.3,https://www.bodybuilding.com/exercises/detail/view/name/standing-cable-lift,Abdominals,Cable
Standing Cable Wood Chop,8.2,https://www.bodybuilding.com/exercises/detail/view/name/standing-cable-wood-chop,Abdominals,Cable
Standing Calf Raises,9,https://www.bodybuilding.com/exercises/detail/view/name/standing-calf-raises,Calves,Machine
Standing Concentration Curl,8.7,https://www.bodybuilding.com/exercises/detail/view/name/standing-concentration-curl,Biceps,Dumbbell
Standing Dumbbell Calf Raise,8.8,https://www.bodybuilding.com/exercises/detail/view/name/standing-dumbbell-calf-raise,Calves,Dumbbell
Standing Dumbbell Press,9.1,https://www.bodybuilding.com/exercises/detail/view/name/standing-dumbbell-press-,Shoulders,Dumbbell
Standing Dumbbell Reverse Curl,8.1,https://www.bodybuilding.com/exercises/detail/view/name/standing-dumbbell-reverse-curl,Biceps,Dumbbell
Standing Dumbbell Straight-Arm Front Delt Raise Above Head,9.1,https://www.bodybuilding.com/exercises/detail/view/name/standing-dumbbell-straight-arm-front-delt-raise-above-head,Shoulders,Dumbbell
Standing Dumbbell Triceps Extension,9,https://www.bodybuilding.com/exercises/detail/view/name/standing-dumbbell-triceps-extension,Triceps,Dumbbell
Standing Dumbbell Upright Row,8.7,https://www.bodybuilding.com/exercises/detail/view/name/standing-dumbbell-upright-row,Traps,Dumbbell
Standing Hip Circles,8.8,https://www.bodybuilding.com/exercises/detail/view/name/standing-hip-circles,Abductors,Body Only
Standing Long Jump,8.8,https://www.bodybuilding.com/exercises/detail/view/name/standing-long-jump,Quadriceps,Body Only
Standing Low-Pulley Deltoid Raise,8.3,https://www.bodybuilding.com/exercises/detail/view/name/standing-low-pulley-deltoid-raise,Shoulders,Cable
Standing Military Press,9.3,https://www.bodybuilding.com/exercises/detail/view/name/standing-military-press,Shoulders,Barbell
Standing Olympic Plate Hand Squeeze,8.6,https://www.bodybuilding.com/exercises/detail/view/name/standing-olympic-plate-hand-squeeze,Forearms,Other
Standing One-Arm Cable Curl,8.8,https://www.bodybuilding.com/exercises/detail/view/name/standing-one-arm-cable-curl,Biceps,Cable
Standing One-Arm Dumbbell Curl Over Incline Bench,8.6,https://www.bodybuilding.com/exercises/detail/view/name/standing-one-arm-dumbbell-curl-over-incline-bench,Biceps,Dumbbell
Standing One-Arm Dumbbell Triceps Extension,8.3,https://www.bodybuilding.com/exercises/detail/view/name/standing-one-arm-dumbbell-triceps-extension,Triceps,Dumbbell
Standing Overhead Barbell Triceps Extension,8.6,https://www.bodybuilding.com/exercises/detail/view/name/standing-overhead-barbell-triceps-extension,Triceps,Barbell
Standing Palm-In One-Arm Dumbbell Press,9.4,https://www.bodybuilding.com/exercises/detail/view/name/standing-palm-in-one-arm-dumbbell-press,Shoulders,Dumbbell
Standing Palms-In Dumbbell Press,9.3,https://www.bodybuilding.com/exercises/detail/view/name/standing-palms-in-dumbbell-press,Shoulders,Dumbbell
Standing Palms-Up Barbell Behind The Back Wrist Curl,9.3,https://www.bodybuilding.com/exercises/detail/view/name/standing-palms-up-barbell-behind-the-back-wrist-curl,Forearms,Barbell
Standing Rope Crunch,8.6,https://www.bodybuilding.com/exercises/detail/view/name/standing-rope-crunch,Abdominals,Cable
Step Mill,9.1,https://www.bodybuilding.com/exercises/detail/view/name/step-mill,Quadriceps,Machine
Step-up with Knee Raise,8.7,https://www.bodybuilding.com/exercises/detail/view/name/step-up-with-knee-raise,Glutes,Body Only
Stiff Leg Barbell Good Morning,8.1,https://www.bodybuilding.com/exercises/detail/view/name/stiff-leg-barbell-good-morning,Lower Back,Barbell
Stiff-Legged Barbell Deadlift,8.3,https://www.bodybuilding.com/exercises/detail/view/name/stiff-legged-barbell-deadlift,Hamstrings,Barbell
Stiff-Legged Dumbbell Deadlift,8.8,https://www.bodybuilding.com/exercises/detail/view/name/stiff-legged-dumbbell-deadlift,Hamstrings,Dumbbell
Stomach Vacuum,8.5,https://www.bodybuilding.com/exercises/detail/view/name/stomach-vacuum,Abdominals,Body Only
Straight Raises on Incline Bench,8.3,https://www.bodybuilding.com/exercises/detail/view/name/straight-raises-on-incline-bench,Shoulders,Barbell
Straight-Arm Dumbbell Pullover,8.4,https://www.bodybuilding.com/exercises/detail/view/name/straight-arm-dumbbell-pullover,Chest,Dumbbell
Straight-Arm Pulldown,8.3,https://www.bodybuilding.com/exercises/detail/view/name/straight-arm-pulldown,Lats,Cable
Sumo Deadlift,9.3,https://www.bodybuilding.com/exercises/detail/view/name/sumo-deadlift,Hamstrings,Barbell
Superman,8.3,https://www.bodybuilding.com/exercises/detail/view/name/superman,Lower Back,Body Only
Supine Chest Throw,8.2,https://www.bodybuilding.com/exercises/detail/view/name/supine-chest-throw,Triceps,Medicine Ball
Suspended Fallout,9.3,https://www.bodybuilding.com/exercises/detail/view/name/suspended-fallout,Abdominals,Other
T-Bar Row,8.9,https://www.bodybuilding.com/exercises/detail/view/name/t-bar-row,Middle Back,Barbell
T-Bar Row with Handle,9.5,https://www.bodybuilding.com/exercises/detail/view/name/t-bar-row-with-handle,Middle Back,Barbell
Tate Press,8.1,https://www.bodybuilding.com/exercises/detail/view/name/tate-press,Triceps,Dumbbell
Thigh Abductor,8.2,https://www.bodybuilding.com/exercises/detail/view/name/thigh-abductor,Abductors,Machine
Thigh Adductor,9,https://www.bodybuilding.com/exercises/detail/view/name/thigh-adductor,Adductors,Machine
Tire Flip,9.4,https://www.bodybuilding.com/exercises/detail/view/name/tire-flip,Quadriceps,Other
Trail Running/Walking,8.7,https://www.bodybuilding.com/exercises/detail/view/name/trail-runningwalking,Quadriceps,None
Trap Bar Deadlift,8.8,https://www.bodybuilding.com/exercises/detail/view/name/trap-bar-deadlift,Quadriceps,Other
Tricep Dumbbell Kickback,8.8,https://www.bodybuilding.com/exercises/detail/view/name/tricep-dumbbell-kickback,Triceps,Dumbbell
Triceps Overhead Extension with Rope,8.6,https://www.bodybuilding.com/exercises/detail/view/name/triceps-overhead-extension-with-rope,Triceps,Cable
Triceps Pushdown,8.6,https://www.bodybuilding.com/exercises/detail/view/name/triceps-pushdown,Triceps,Cable
Triceps Pushdown - Rope Attachment,8.9,https://www.bodybuilding.com/exercises/detail/view/name/triceps-pushdown-rope-attachment,Triceps,Cable
Triceps Pushdown - V-Bar Attachment,9.1,https://www.bodybuilding.com/exercises/detail/view/name/triceps-pushdown-v-bar-attachment,Triceps,Cable
Tuck Crunch,8.4,https://www.bodybuilding.com/exercises/detail/view/name/tuck-crunch,Abdominals,Body Only
Two-Arm Dumbbell Preacher Curl,8.3,https://www.bodybuilding.com/exercises/detail/view/name/two-arm-dumbbell-preacher-curl,Biceps,Dumbbell
Two-Arm Kettlebell Military Press,8.7,https://www.bodybuilding.com/exercises/detail/view/name/two-arm-kettlebell-military-press,Shoulders,Kettlebells
Underhand Cable Pulldowns,8.5,https://www.bodybuilding.com/exercises/detail/view/name/underhand-cable-pulldowns,Lats,Cable
Upright Barbell Row,8.3,https://www.bodybuilding.com/exercises/detail/view/name/upright-barbell-row,Shoulders,Barbell
Upright Cable Row,8.1,https://www.bodybuilding.com/exercises/detail/view/name/upright-cable-row,Traps,Cable
V-Bar Pulldown,8.9,https://www.bodybuilding.com/exercises/detail/view/name/v-bar-pulldown,Lats,Cable
V-Bar Pullup,8.8,https://www.bodybuilding.com/exercises/detail/view/name/v-bar-pullup,Lats,Body Only
Weighted Ball Hyperextension,8.3,https://www.bodybuilding.com/exercises/detail/view/name/weighted-ball-hyperextension,Lower Back,Exercise Ball
Weighted Bench Dip,9.1,https://www.bodybuilding.com/exercises/detail/view/name/weighted-bench-dip,Triceps,Other
Weighted Crunches,8.9,https://www.bodybuilding.com/exercises/detail/view/name/weighted-crunches,Abdominals,Medicine Ball
Weighted Jump Squat,9,https://www.bodybuilding.com/exercises/detail/view/name/weighted-jump-squat-,Quadriceps,Barbell
Weighted Pull Ups,9.5,https://www.bodybuilding.com/exercises/detail/view/name/weighted-pull-ups,Lats,Other
Weighted Sissy Squat,8.4,https://www.bodybuilding.com/exercises/detail/view/name/weighted-sissy-squat,Quadriceps,Barbell
Weighted Suitcase Crunch,9,https://www.bodybuilding.com/exercises/detail/view/name/weighted-suitcase-crunch,Abdominals,Medicine Ball
Wide Stance Stiff Legs,8.5,https://www.bodybuilding.com/exercises/detail/view/name/wide-stance-stiff-legs,Hamstrings,Barbell
Wide-Grip Barbell Bench Press,8.9,https://www.bodybuilding.com/exercises/detail/view/name/wide-grip-barbell-bench-press,Chest,Barbell
Wide-Grip Decline Barbell Bench Press,8.9,https://www.bodybuilding.com/exercises/detail/view/name/wide-grip-decline-barbell-bench-press,Chest,Barbell
Wide-Grip Lat Pulldown,8.6,https://www.bodybuilding.com/exercises/detail/view/name/wide-grip-lat-pulldown,Lats,Cable
Wide-Grip Pull-Up,8.9,https://www.bodybuilding.com/exercises/detail/view/name/wide-grip-pull-up,Lats,Body Only
Wide-Grip Rear Pull-Up,8.7,https://www.bodybuilding.com/exercises/detail/view/name/wide-grip-rear-pull-up,Lats,Body Only
Wide-Grip Standing Barbell Curl,9.3,https://www.bodybuilding.com/exercises/detail/view/name/wide-grip-standing-barbell-curl,Biceps,Barbell
Wide-Stance Barbell Squat,8.2,https://www.bodybuilding.com/exercises/detail/view/name/wide-stance-barbell-squat,Quadriceps,Barbell
